{
  "product": [
    {
      "brand_name": "Apple",
      "model_name": "Iphone7s",
      "price": "30000",
      "color": "White",
      "imagePath": "../../assets/images/iphoneX.jpeg",
      "os": "IOs",
      "chip": "A13",
      "sensor": "Proximity",
      "id": 3
    },
    {
      "brand_name": "Apple",
      "model_name": "Iphone10R",
      "price": "55000",
      "color": "Black",
      "imagePath": "../../assets/images/iphoneXR.jpeg",
      "os": "IOS",
      "chip": "A12",
      "sensor": "proximity",
      "id": 4
    },
    {
      "brand_name": "Apple",
      "model_name": "Iphone X Max",
      "price": "30000",
      "color": "Black",
      "imagePath": "../../assets/images/iphoneXR.jpeg",
      "os": "IOS",
      "chip": "A12",
      "sensor": "proximity",
      "id": 5
    }
  ]
}